playerid,lastname
15157,Milner
41733,Wijnaldum
56979,Henderson
60706,Adrián
60914,Matip
68312,Shaqiri
81880,Oxlade-Chamberlain
92217,Roberto Firmino
97032,van Dijk
110979,Mané
116535,Alisson
116643,Fabinho
118748,Mohamed Salah
122798,Robertson
152760,Origi
169187,Alexander-Arnold
171287,Gomez
175592,Keita
20480,Krul
28082,Fährmann
37614,Vrancic
57127,Pukki
71738,Stiepermann
78607,Kenny McLean
81048,Drmic
83428,Hanley
87396,Leitner
89470,Hernández
90440,Trybull
113564,Byram
124165,Roberts
193111,Cantwell
194799,Lewis
195546,Buendía
198826,Godfrey
232980,Max Aarons
15237,Surman
18726,Boruc
41320,Daniels
54469,Smith
56917,Steve Cook
75115,Callum Wilson
78007,King
90105,Fraser
103912,Ibe
126184,Aké
152551,Lerma
153682,Harry Wilson
154566,Solanke
168991,Billing
171129,Rico
222434,Simpson
223911,Mepham
225321,Ramsdale
7645,Jagielka
18867,Sharp
27436,McGoldrick
40386,Basham
47247,Fleck
49083,Freeman
63426,Stevens
74854,Moore
79934,Norwood
82691,Baldock
87447,Besic
108416,Egan
146610,O'Connell
153723,Lundstram
167878,Osborn
169432,McBurnie
171975,Robinson
172649,Henderson
15749,Hart
17349,Lennon
17761,Tarkowski
17997,Bardsley
39487,Pieters
40145,Cork
41674,Long
44683,Rodriguez
44699,Barnes
51927,Mee
60551,Westwood
60586,Johann Gudmundsson
60689,Wood
68983,Lowton
83312,Gibson
83314,Hendrick
98747,Pope
433154,McNeil
40146,Bertrand
58376,McCarthy
58822,Cédric Soares
78056,Oriol Romeu
80447,Yoshida
83283,Redmond
84939,Danny Ings
88900,Stephens
93100,Vestergaard
101178,Ward-Prowse
107265,Gunn
128198,Boufal
132015,Højbjerg
171771,Bednarek
200439,Adams
213482,Valery
220598,Obafemi
431131,Djenepo
19188,Dann
19419,Cahill
20066,Hennessey
40836,Guaita
50471,McArthur
50472,McCarthy
54861,Benteke
55037,Kouyaté
55494,Ward
58786,Kelly
59125,Wickham
60252,Townsend
66975,Milivojevic
74230,van Aanholt
80146,Ayew
82403,Zaha
141020,Meyer
175946,Camarasa
20467,Walcott
42774,Schneiderlin
55422,Sigurdsson
57513,Lössl
59949,Coleman
66838,Tosun
100649,Bernard
101188,Digne
106611,Keane
111234,Pickford
120250,André Gomes
160987,Gbamin
164511,Mina
173807,Davies
177815,Calvert-Lewin
194164,Holgate
212319,Richarlison
242058,Kean
15033,Morgan
17745,Schmeichel
37642,Evans
51938,Albrighton
95463,Ward
101668,Vardy
106837,Praet
111931,Ricardo Pereira
166989,Tielemans
168580,Ayoze Pérez
172780,Maddison
172850,Chilwell
173515,Iheanacho
197469,Choudhury
201666,Barnes
203341,Wilfred Ndidi
218031,Söyüncü
220627,Justin
19236,Ruddy
19624,João Moutinho
38533,Rui Patrício
41727,Bennett
87835,Doherty
90585,Boly
94147,Coady
102057,Jiménez
107613,Saïss
114128,Jonny
151589,Dendoncker
159533,Traoré
171317,Rúben Neves
194634,Diogo Jota
209353,Cutrone
216054,Rúben Vinagre
222531,Gibbs-White
247632,Pedro Neto
37915,Lloris
38290,Rose
45268,Sissoko
54756,Wanyama
55605,Alderweireld
62974,Lamela
78830,Kane
80226,Aurier
80607,Eriksen
93264,Dier
95715,Lucas Moura
102884,Gazzaniga
157668,Winks
158534,Walker-Peters
168566,Nkoudou
173904,Sánchez
209042,Skipp
231372,Ndombele
21205,Heaton
37339,Ahmed El Mohamady
40564,Lansbury
47390,Taylor
54764,Kodjia
79852,Steer
85242,Hourihane
89274,Jota
108156,Engels
114283,Grealish
122806,McGinn
148508,Trézéguet
149484,Mings
169359,Targett
193488,El Ghazi
199798,Konsa Ngoyo
213345,Wesley
230046,Douglas Luiz
9089,Foster
18656,Heurelho Gomes
38439,Capoue
40868,Holebas
41338,Cathcart
41725,Deeney
43250,Cleverley
52940,Janmaat
54484,Kiko Femenía
60232,Dawson
61566,Pereyra
73426,Gray
85624,Kabasele
94924,Deulofeu
108413,Hughes
121599,Doucouré
157775,Sema
173514,Isaac Success
20529,Murray
40845,Stephens
50093,Button
60307,Groß
61933,Duffy
66242,Pröpper
74471,Mooy
78916,Burn
83299,Dunk
86153,Montoya
93284,Andone
106757,Locadia
109345,Solly March
110735,Webster
115382,Maupay
116216,Trossard
131897,Ryan
209362,Bernardo
18987,Snodgrass
20658,Zabaleta
37096,Fabianski
40669,Ogbonna
40694,Jiménez
42824,Carlos Sánchez
43020,Chicharito
54102,Wilshere
55459,Cresswell
57531,Antonio
81012,Fredericks
86934,Lanzini
101537,Felipe Anderson
103123,Haller
166640,Balbuena
204480,Rice
217593,Fornals
219924,Diop
20664,Silva
33148,Bravo
37572,Agüero
57410,Otamendi
58621,Walker
59859,Gündogan
61366,De Bruyne
97299,Stones
103025,Mahrez
103955,Sterling
121145,João Cancelo
121160,Ederson
146941,Laporte
165809,Bernardo Silva
205651,Gabriel Jesus
206325,Zinchenko
209244,Foden
220566,Rodrigo
18892,Young
42899,Romero
43670,Mata
51940,de Gea
62398,Matic
74208,Pogba
95658,Maguire
106760,Shaw
109322,Lingard
148225,Martial
156689,Andreas Pereira
176297,Rashford
180804,Tuanzebe
184667,Lindelöf
195851,McTominay
200617,James
214590,Wan-Bissaka
220688,Greenwood
20310,Caballero
41328,Azpilicueta
44346,Giroud
49579,Pedro
82263,Alonso
85955,Jorginho
88894,Barkley
91651,Kovacic
103192,Zouma
109533,Emerson
109745,Arrizabalaga
116594,Kanté
135363,Christensen
167767,Kenedy
173879,Abraham
176413,Pulisic
184341,Mount
194794,Tomori
50232,Shelvey
56983,Ritchie
57145,Federico Fernández
58845,Clark
59735,Darlow
67089,Dubravka
92159,Willems
101148,Lascelles
106618,Dummett
109528,Manquillo
111773,Krafth
119471,Schär
153127,Hayden
170137,Saint-Maximin
179018,Almirón
180135,Sean Longstaff
180974,Joelinton
196118,Muto
38411,Monreal
39476,Sokratis
41270,David Luiz
54694,Aubameyang
57249,Mkhitaryan
59966,Lacazette
80201,Leno
84450,Xhaka
98980,Martínez
101184,Chambers
154043,Maitland-Niles
182539,Dani Ceballos
195735,Pépé
198849,Torreira
200089,Joe Willock
200641,Nelson
242166,Guendouzi
444145,Gabriel Martinelli
111457,Kolasinac
103914,Taylor
221239,Davis
154131,Stacey
56377,Yarmolenko
105717,Masuaku
181008,Ajeti
47431,Willian
37402,Fuchs
153133,Iwobi
50175,Welbeck
216058,Quina
27789,Fernandinho
39194,Vertonghen
115556,Davies
200826,Lo Celso
18665,Tettey
179587,Srbeny
76542,Ki Sung-yueng
86417,Schlupp
40383,Forster
91047,Armstrong
135720,Danso
11948,Lonergan
39155,Lallana
145235,Angeliño
203368,Guilbert
10318,Stekelenburg
102747,Sidibé
200720,Kelleher
84384,Klose
94245,Batshuayi
90518,Morrison
86881,Mendy
172632,Gray
85971,Son Heung-Min
104953,Atsu
89085,Chalobah
232185,Sarr
18073,Noble
178876,Vallejo
81183,Vydra
37605,Özil
108823,Dele Alli
61603,Drinkwater
243568,Gilmour
18832,Stearman
178304,Mousset
40784,Sakho
41823,Delph
165210,Jahanbakhsh
233425,Connolly
155651,Masina
20452,Long
200088,N'Lundulu
58893,Rojo
222677,Chong
128348,Amadou
192303,Zimmermann
155408,Lewis Cook
184704,Nakamba
42748,Bong
213056,Baluta
227127,Bissouma
235382,Alzate
90517,Brady
223175,Matthew Longstaff
76359,Jones
101582,Fred
209041,Gomes
18499,McGovern
101061,Heise
432735,Idah
49413,Tomkins
173954,Riedewald
20145,Mariappa
96767,Foulquier
223340,Saka
214048,Kilman
102380,Rüdiger
195473,Brewster
87121,Kieron Freeman
175941,Whiteman
102826,Mendy
432656,Eric Garcia
40142,Carroll
15149,Francis
220307,Danjuma Groeneveld
209036,Marc Guehi
209046,Hudson-Odoi
225796,James
74375,Schelotto
151119,Yedlin
232937,Williams
156074,Holding
18440,Clarke
38454,Lovren
198044,Lewis
192895,Tierney
235530,Kelly
52484,Balogun
234908,Foyth
444884,Elliott
104547,Gayle
216051,Diogo Dalot
232667,Famewo
233849,Mair
41945,Prödl
19194,Martin
42525,Henderson
12745,Baines
195855,Baningime
232928,Garner
214572,Austin
98745,Bellerín
194798,Benny Ashley-Seal
232361,Perry
39215,Vorm
184349,Ryan Sessegnon
447235,Parrott
17601,Carson
40387,Gosling
232826,Gordon
43252,Chester
98770,Nyland
69140,Mustafi
123354,Hause
194126,Verrips
6744,Grant
175353,Tom Dele-Bashiru
444183,Kilkenny
461017,Saydee
245923,Cundle
250604,Otasowie
183487,Holland
206915,Jones
113688,Niasse
195064,Goodridge
195471,Driscoll-Glennon
209289,Smith Rowe
19838,Elliot
77359,Lejeune
56872,Stanislas
207300,Dobre
221272,Woods
244723,Mitchell
215136,Williams
56192,Cuco Martina
233963,Mavropanos
432705,Daly
466955,Pierrick
32259,Randolph
232391,Ngakia
459373,Gonçalo Cardoso
157882,Minamino
447879,Anang
199584,Tanganga
232233,John-Jules
232792,Lamptey
179456,Buur
214466,Smallbone
48717,Reid
197464,Phillips
209043,Kirby
217331,Surridge
229600,Travers
88175,Kalinic
223349,Vassilev
432793,Ali Koiki
213405,Benkovic
213280,Eastwood
243710,Bernardo Rosa
232957,Allan
232977,Watts
205533,Eddie Nketiah
8432,Pepe Reina
197365,Bailly
234720,Gio McGregor
76306,Rupp
139110,Duda
232351,Giles
428610,Bruno Jordao
168290,Pussetto
195774,Gedson Fernandes
232964,Gibson
475168,João Pedro
156069,Gibson
217487,Samatta
83427,Robinson
207189,Berge
141746,Bruno Fernandes
200600,Daniel Podence
116543,Lazaro
126407,Bentaleb
194252,Bergwijn
215439,Soucek
83091,Borja Bastón
58498,Ighalo
178186,Bowen
222786,Retsos
172782,Brownhill
126187,Loftus-Cheek
61604,James
49384,Rodwell
222627,João Virgínia
182156,Sané
92371,Marí
441271,Hoever
223332,Anjorin
440323,Broja
243016,Mac Allister
111317,Brooks
235599,Tavares
209037,Medley
480455,Branthwaite
218023,Dunne
220037,Peacock-Farrell
449974,Jensen
461102,Thomas
461450,Thompson
147612,Zivkovic
439485,Martin
203389,Tella
448791,White
209925,Xande Silva
222018,Johnson
220394,Doyle
244851,Palmer
245719,Harwood-Bellis
214470,Vokins
113534,Macey
232241,Smith
444253,Thomas
194401,Peñaranda
449781,Jankewitz
215407,Lewis
217401,Benson
422306,Ferry
461195,Cirkin
474003,Campana
232979,Young
450529,Bate
201084,Fosu-Mensah
490098,Hayden
173810,Johnson
222625,Hirst
244619,Thomas
174590,Maddox
222017,Coventry
215066,Cochrane
430367,Mumbongo
218997,Simms
461382,Gordon
431924,Adshead
49382,Ecuele Manga
54413,Sammaritano
73667,Jeannot
86158,Amalfitano
92559,Alphonse
111265,Júlio Tavares
115918,Rúnarsson
119679,Chafik
144660,Ndong
210494,Aguerd
218524,Keita
430510,Mama Baldé
449718,Loiodice
451005,Barbet
454964,Coulibaly
456355,Ntumba
473550,Soumaré
490190,Philippe
19670,Perrin
27334,Debuchy
37990,Moulin
38314,Ruffier
49396,M'Vila
55264,Boudebouz
55711,Beric
60165,Khazri
67276,Hamouma
147577,Diony
174908,Aholou
185441,Trauco
207756,Palencia
209608,Moukoudi
216227,Bouanga
235050,Nordin
244182,Youssouf
245742,Nade
37769,Pelé
37901,Payet
44413,Mandanda
47654,Luiz Gustavo
49887,Strootman
96084,González
97041,Germain
102760,Sarr
106212,Benedetto
109404,Sakai
115380,Amavi
122775,Sanson
173271,Caleta-Car
195908,Radonjic
213965,Lopez
226944,Kamara
461397,Chabrolle
476884,Lihadji
32367,Romao
78541,Suk Hyun-Jun
104407,Rajkovic
106263,Abdelhamid
107685,Dingome
119770,Chavalerin
120947,Foket
171099,Kamara
176495,Moreto Cassamã
192021,Mbemba
193400,Doumbia
206935,Lemaitre
220362,Disasi
229230,Oudin
244642,Konan
432662,Sissoko
468488,Dia
476892,Mbuku
26894,Dante
83279,Le Bihan
113541,Herelle
115851,Cardinale
151873,Cyprien
152338,Tameze
153649,Walter
184215,Coly
204727,Sarr
208556,Maolida
228321,Sacko
232197,Burner
242887,Kephren Thuram
245496,Srarfi
433771,Ganago
437501,Pelmard
440058,Clementia
469204,Sylvestre
38265,Jallet
42766,Gurtner
45032,Dreyer
96616,Monconduit
98798,Prince
111181,Gnahore
122840,Aleesami
162275,Guirassy
174846,Zungu
184232,Akolo
192785,Otero
201392,Blin
205836,Ghoddos
220960,Dibassy
223393,Timite
228289,Lefort
429234,Talal
461415,Gendrey
45076,Koné
84366,Martin
85633,Sels
86413,Carole
86446,Corgnet
92527,Lala
112945,Mitrovic
115961,Thomasson
133632,Ndour
143685,Djiku
168539,Ajorque
177840,Nuno da Costa
194188,Kamara
228322,Lienard
231057,Bellegarde
433640,Zohi
461910,Simakan
461913,Fofana
37765,Cohade
45123,Oukidja
54409,Delecroix
68791,Boye
80342,Sunzu
98826,Delaine
114531,Boulaya
124148,Nguette
171173,Ambrose
173253,Maïga
202459,Gakpa
204534,Angban
214245,Centonze
214254,Diallo
218240,Fofana
218796,N'Doram
230443,Cabit
250694,Niane
10955,Camara
28136,Hilton
38002,Congré
52782,Le Tallec
68862,Skuletic
73965,Delort
78275,Souquet
106821,Pedro Mendes
107641,Ferri
148214,Píriz
167443,Laborde
180562,Oyongo
206340,Ristic
209218,Bertaud
228361,Dolly
428989,Cozza
471924,Carvalho
477711,Chotard
37832,Morel
37836,Salin
44287,Da Silva
51850,Johansson
55305,Grenier
96764,Niang
154011,Tait
174528,Hamari Traoré
204123,Jordan Siebatcheu
214473,Faitout Maouassa
217992,Gelin
219873,Del Castillo
242893,Gboho
244842,Lea Siliki
435731,Nyamsi
475561,Camavinga
481616,Boey
490191,Damergy
11382,Butelle
18574,Mangani
45505,Thomas
54518,Manceau
68545,Pavlovic
85548,Pajot
98828,Bahoken
102743,Alioui
105345,Petkovic
112580,Capelle
168985,Santamaría
176443,Pellenard
197022,Cisse
208987,Reine-Adélaïde
223140,Pereira Lage
225905,Kanga
447389,El Melali
448514,Ait Nouri
27675,Briand
42713,Costil
51507,Koscielny
68260,Benito
73879,de Preville
80357,Mexer
116504,Pablo
193512,Kamano
195480,Maja
201440,Hwang Ui-Jo
204715,Poussin
204742,Benrahou
209330,Bellanova
212851,Basic
215046,Kwateng
219292,Tchouameni
225702,Kalu
481667,Lottin
38580,José Fonte
40833,Pied
55948,André
129487,Maignan
171435,Zeki Çelik
185621,Léo Jardim
195883,Bamba
199409,Thiago Maia
199672,Ikoné
215473,Weah
218329,Osimhen
220734,Yazici
225902,Soumaré
247629,Tiago Djaló
434399,Reinildo
446029,Ouattara
458681,Bradaric
490209,Niasse
54771,Fabio
82313,Pallois
84424,Appiah
103127,Wagué
106320,Kalifa Coulibaly
116536,Lucas Lima
158496,Touré
170409,Andrei Girotto
193539,Rongier
201562,Coco
204739,Lafont
216610,Olliero
217872,Charles Traoré
432489,Moutoussamy
443202,Bamba
469192,Youan
471471,Louza
477411,Homawoo
40720,Cavani
42564,Choupo-Moting
46497,Di María
51090,Thiago Silva
61170,Verratti
84182,Areola
88484,Sarabia
89068,Kurzawa
91080,Paredes
92985,Draxler
93605,Meunier
105046,Bernat
116406,Marquinhos
178478,Diallo
201057,Kehrer
220160,Mbappé
231399,Bulka
458250,Dagba
51394,Valdivia
92258,Landre
93622,Martinez
103457,Duljevic
121150,Ripart
150172,Philippoteaux
169860,Paquiez
180303,Ferhat
184961,Briancon
194624,Valls
198990,Bobichon
200666,Miguel
200848,Bernardoni
225997,Alakouch
244136,Lionel Dias
245918,Denkey
433731,Buades
435615,Sainte Luce
37776,Baal
54405,Faussurier
58625,Charbonnier
59964,Court
80565,Autret
94753,Battocchio
97433,Bain
103116,Léon
105727,Mayi
158494,Castelletto
162316,Chardonnet
193411,Belkebla
216100,Larsonneur
221024,N'Goma
226194,Grandsir
240143,Diallo
243741,Magnetti
244560,Perraud
40815,Vainqueur
49730,Dossevi
59741,Gradel
80711,Sanogo
93619,Reynet
132197,Goicoechea
141017,Moreira
145221,Issiaga Sylla
179536,Koulouris
185727,Leya Iseka
199666,Makengo
210462,Ibrahim Sangaré
217596,Amian
220494,Boisgard
242882,Diakite
244701,Rogel
469323,N'Goumou Minpole
485100,Sanna
11973,Benaglio
17878,Fàbregas
54908,Chadli
71403,Glik
86873,Lecomte
109653,Rony Lopes
115327,Aguilar
154310,Gelson Martins
162654,Jemerson
172987,Boschilia
180167,Henrichs
198065,Traoré
209035,Panzo
219230,Gil Dias
225897,Ballo-Toure
240149,Sylla
242880,Badiashile Mukinayi
435973,Foster
44898,Tatarusanu
52573,Marcelo
59957,Anthony Lopes
106824,Depay
110504,Traoré
122399,Dembele
149519,Cornet
158047,Thiago Mendes
160729,Denayer
167074,Tete
174874,Andersen
180124,Kone
183779,Dubois
202520,Pape Cheikh
203349,Tousart
231961,Aouar
232176,Terrier
444151,Jean Lucas
490031,Lahssaini
83912,Ben Yedder
156708,Keita
161950,Golovin
229273,Onyekuru
161034,Said
461384,Goncalves
468489,Sidibe
8747,Balmont
85565,Lautoa
219296,Caqueret
42416,Traoré
216438,Casimir Ninga
72177,Lasne
210187,Sarr
216137,Stojanovski
193417,Lusamba
212325,Lees-Melou
486845,Gameiro
486847,Cisse
98746,Abeid
119404,Benavente Bristol
169427,Khaoui
59325,Kakuta
104613,Konaté
489601,Bumbu
38419,Rémy
121524,Poundjé
164474,Sabaly
180835,Otávio
106921,Rulli
173046,Suárez
226451,Sissoko
230337,Mothiba
488336,Botella
159967,Bourigeaud
228286,Mendy
80801,Gueye
490826,Kouassi
129479,Kimpembe
437726,Zagre
83233,Isimat-Mirin
193537,Cornette
181441,Simon
92216,Gomis
491487,Ngonda
57266,Bamba
46483,Adrien Silva
149828,Slimani
209335,Pellegri
45084,Deaux
218366,Fomba
439122,Guessoum
121709,Benítez
425614,Atal
103155,Soumaoro
223908,Luiz Araújo
226597,Gabriel
57136,Kolodziejczak
116627,Mollet
245491,Zemzemi
488337,Lebeau
210456,Doumbia
73985,Belaud
240145,Cardona
433312,Munetsi
202858,Thioub
153014,Marié
154048,Mavididi
203237,Matheus Pereira
232174,Mendyl
422631,Muzinga
475767,Kone
26896,Bodmer
155895,Calabresi
461418,Sy
185527,Kutesa
228563,Maresic
482140,Nkada
171319,Renato Sanches
437724,Postolachi
161472,Hunou
226949,Guitane
141109,Lloris
208559,N'Soki
218005,Ounas
485337,Guessand
60070,Krhin
54772,Rafael
210228,Jovanovic
437504,Adli
95434,Thauvin
27341,Cabaye
93127,Jesé
465676,Aouchiche
465691,Kouassi
20690,Naldo
155335,Maripán
232191,N'Guinda N'Diffon
204744,Chouiar
250588,Ben Amar
492825,Valerio
129510,Pereira De Sa
213940,Blas
217597,Cafaro
456195,Adouyev
173085,Danilo
209914,Dolberg
218357,Claude Maurice
189542,Mendy
218705,Gnagnon
219961,Raphinha
169102,Bakayoko
198523,Augustin
485176,Aké
442264,Camara
40560,Chedjou
210207,Diabaté
432649,Solet
28411,Navas
59846,Herrera
61278,Neymar
94248,Rico
106109,Icardi
106551,Prcic
204184,Donis
116152,Mendoza
242885,Mbe Soh
465680,Muinga
231881,Duverne
197017,Junior Sambia
158208,Shoji
202857,Fulgini
465057,Vermot
472778,Abi
242600,Xeka
480779,Boudaoui
111291,Marçal
204719,Basila
242878,Bajic
456300,Perrin
80904,Grimm
436644,Aaneba
214472,Aït Bennasser
493984,Bonet
462424,Saliba
194326,Cádiz
471437,Phliponeau
488695,Rouyard
107254,Fabri
38261,Monnet-Paquet
444463,Fofana
102636,Savanier
174272,Mandrea
221987,Udol
242879,Dietsch
458346,Dia N'Diaye
184449,Kayembe
489995,Moustache
495476,Rabouille
442307,Eneme
495542,Nkounkou
232240,Caci
466052,Cherki
60582,Subasic
485098,Diarra
476502,Boubacar Traore
477699,Badu
460630,Ruiz
100632,Gabriel Silva
174655,Honorat
456193,Vidal
467625,Mohamed Abdallah
456194,Kaiboue
242891,Semanoun
497278,Ngouyamsa Nounchil
489230,M'Bock
439363,Innocent
200958,Dioussé
247385,Racioppi
200722,Walongwa
37758,Baysse
107330,Jonathan Cafú
240153,Zerkane
465151,Benkhedim
498406,Indjai Correia
422248,Soula
498382,Hatfout
19739,Kawashima
247400,Gouiri
50442,Jovetic
126177,Jean
465158,Da Cunha
447579,Lahne
244007,Mbock
488448,Ould Khaled
437204,Sissoko
499209,Mikautadze
499658,Valls
437497,Bard
73889,Sakho
445956,Costa
489888,Adli
469267,Lacroix
472779,Tshibuabua
486792,Ndilu
490135,Ngapandouetnbu
61983,Gabrielsen
501796,Pierret
501797,Crétier
428373,Sakava
231058,Bronn
192291,Sy
501599,Rivera
40511,Petric
166286,Emond
181978,Jorge
82184,Majeed Waris
103777,Yun Il-Lok
477730,Vargas
489661,Yade
219286,Mendy
193454,Toko Ekambi
449689,Bloch
128376,Durmisi
210186,Wague
51525,Roux
476489,Touré
424146,Opoku
242896,Taoui
247957,Bakker
503184,Antiste
502951,Maçon
240860,Sierhuis
116628,Benzia
466041,Kalulu Kyatengwa
90328,Pardo
49323,Nzonzi
199665,Boutobba
56491,Gaitán
210202,Koné
231875,Diouf
204454,Mbenza
88931,Limbombe
208706,Bruno Guimarães
489841,Ounahi
442261,Marcelin
504215,Jean Onana
469266,Gourna Douath
505193,Trouillet
177885,Zeneli
57734,Paye
108177,Sane
168212,Diédhiou
172870,Kaabouni
176441,Touré
208949,Daham
220001,Livolant
220022,Aubin Long
220359,Prevot
229480,Senhadji
230458,Weissbeck
243689,Pendant
437499,Lacroix
454684,Glaentzlin
454688,M'Bakata
454694,Ourega
488548,Sitti
42771,Weber
60189,Zelazny
67272,Gonçalves
80800,Rivierez
102836,Samba
112654,Mbengue
168434,Pi
176501,Gradit
220943,Tchokounte
224077,Elhadji Djibril Diaw
226183,Repas
227763,Avounou
436658,Deminguet
439711,Armougom
471213,Joseph
472187,Zahary
476790,Tutu
481665,Moussaki
45058,Vincent
52777,Yohann Thuram
78319,Lévêque
80905,Créhin
89084,Julienne
113817,Vardin
119577,Hafidi
160985,Manzala
165413,Boé-Kane
177449,Boissier
193285,Lemonnier
208554,Ebosse
224297,Diarra
244490,Maziz
427213,Moussiti-Oko
458311,Patron
485009,Duponchelle
488582,Rambaud
42586,Gillet
44138,Cahuzac
67346,Mesloub
83542,Vincensini
90436,Perez
168104,Steven Fortes
197026,Mauricio
204188,Sotoca
214251,Vitor Costa
219969,Banza
222853,Mendy
226943,Desprez
228313,Gomis
229605,Michelin
245490,Teka
423151,Robail
488580,Sene
44280,Pontdemé
93174,Crillon
110303,Doucouré
110307,Popelard
151314,Soubervie
152487,Eickmayer
161275,Padovani
166468,Fofana
166476,Dequaire
168115,Derrien
177864,Santelli
182318,David
204510,Jaques
219145,Gonzalez
245137,El Hriti
245694,Guezoui
246453,Pinoteau
458320,Sylas Edjouma
47128,Chevalier
60658,Fedele
80799,Cuffaut
82727,Chergui
92610,Bong
115149,Ntim
157728,Guillaume
166541,Dos Santos
181439,Prior
189536,Spano
222388,Kocik
232182,Hein
235163,Ambri
242768,Romil
454671,Siby
462623,Arib
467095,Cabral
488547,Ousame
60810,Poujol
111078,Tertereau
151868,Douline
154481,Sane
177442,Bardy
177445,Chougrani
177833,Ruffaut
196111,M'Pasi N'Zau
216288,Desmas
220374,Maanane
224299,Henry
431649,Roche
442646,Dieng
444397,Ouhafsa
487110,Ouammou
487506,Bonnet
487507,Peyrelade
487508,Guerbert
42383,Sorgic
51524,Bellugou
55254,Souprayen
86599,Coeff
86811,Boucher
92353,Barreto
92748,Dugimont
110347,Bernard
110982,Yattara
119738,Touré
119744,Michel
167454,Sakhi
199519,Boto
209171,Arcus
244794,Camara
245914,Merdji
482380,Chergui
42714,Sorbon
50996,Rodelin
68157,N'Gbakoto
102739,Kerbrat
107925,Caillard
165803,Pedro Rebocho
168116,Pelé
212887,Guivarch
214946,Julan
229959,Niakate
235862,Poaty
465153,Carnot
468496,Boudjemaa
487109,Mellot
45103,Maubleu
49050,Nestor
73539,Tinhan
82831,Gibaud
102765,Raspentino
103199,Camara
113064,M'Changama
149588,Monfray
150670,Mombris
168027,Ondaan
178814,Pambou
198381,Pickel
245726,Abdallah
433857,Semedo
442649,Elogo
442650,Coulibaly
454687,Djitté
474131,Brun
12269,Cavalli
37743,Lejeune
37777,Choplin
40733,Avinel
45108,Youssouf
75987,Leroy
93591,Courtet
132227,Andonian
184677,Sollacaro
213362,Coutadeur
214282,Laci
241345,Bayala
429453,Tramoni
465347,Zady Sery
468427,El Idrissy
472710,Tomi
482379,Corinus
488263,Huard
38007,Bonnet
47104,Fontaine
59956,Gorgelin
111001,Youga
156274,Thiare
164500,Assifuah
168326,Bese
215669,Kadewere
225432,Camara
235708,Mayembo
240084,Dzabana
241700,Coulibaly
422453,Gueye
433522,Fofana
438309,Ebimbe
462609,Abdelli
488439,Coulibaly
50148,Gastien
86443,Ogier
102724,Jeannin
110351,N'Diaye
116596,Phojo
149918,Berthomier
152516,Iglesias
168567,Hountondji
173235,Grbic
184962,Zedadka
202961,Albert
214244,N'Simba
219287,Cissokho
423838,Rajot
430993,Gomis
458315,Magnin
458316,Djoco
473389,Allevinah
38260,Boukari
42720,Raineau
60484,Cordoval
73665,Pillot
94181,Alhadhur
101368,Diarra
105719,M'Bone
213320,Conde
220924,Sangante
232253,Sissako
244753,Vanbaleghem
422089,Ghezali
453108,Tormin
457230,Marega
458310,Hassan
467094,Bedfian
43553,Lemoine
45110,Saad
67278,Le Goff
73500,Saunier
86281,Delaplace
107098,Nardi
151912,Cabot
193407,Lecoeuche
202963,Hergault
205552,Laporte
216646,Wissa
227326,Mara
242167,Hamel
246451,Bozok
431653,Wadja
437495,Meslier
484420,Le Fée
18168,Pitroipa
44499,Armand
84462,Martin
92520,Demarconnay
119582,Lopez
122268,Maletic
202068,Sarr
213576,Yohou
214042,Maisonnial
220936,Mandouki
226672,Alceus
439124,Bamba
454689,Kanté
464104,Wamangituka Fundu
474860,Abdeldjelil
488203,Mangonzo
488397,Garcia
488982,Tre
43024,Muratori
46141,Dona Ndoh
50301,El Kaoutari
86875,Nery
88036,Lybohy
102732,Sourzac
103122,Edmond Akichi
104464,Valette
204728,Nguiamba
209874,Marchetti
210460,N'Guessan
220922,Karamoko
247120,Bidounga
423954,Fischer
429441,Dembélé
457242,Bertrand
458335,Bassouamina
471470,Triboulet
13395,Le Tallec
49322,Pinaud
50881,Cambon
106884,Saint-Ruf
107656,Lopy
110729,Renault
115326,Vachoux
129481,Lambese
180299,Mutombo Kupa
213196,Demoncy
213400,D'Arpino
220560,Perrin
225190,Thill
245637,Benkaid
247049,Ephestion
431650,Talal
440852,Luzayadio
444394,Keita
67533,Sans
111315,Vion
165572,Kemen
193276,Jacob
198189,Louiserre
216530,Konate
220110,Braat
221455,Da Costa
241337,Paro
242111,Bena
245750,Passi
245882,Leautey
422897,Ameka Autchanga
431424,Bourhane
454668,Fontani
454670,Pauchet
463746,Baroan
477370,Kone
44085,Darbion
62226,Barthelme
88035,Touzghar
110350,Giraudon
116592,Tardieu
167455,Gallon
171646,Camara
228291,El Hajjam
228319,Salmier
230718,Fortuné
232242,Massouema
243155,Rui Pires
438420,Baya
444465,Chambost
446008,Mbeumo
458455,Tchimbembé
484421,Mambo
487448,Bouallak
112962,Nomenjanahary
202298,Ati
489492,Ntolla
102744,Sankoh
457225,Callens
58875,Fontaine
107258,Abergel
119691,Adeoti
209172,Confais
228254,Kiki Kouyate
97288,Dupé
226114,Mario González
116593,Vandenabeele
489486,Michel
173242,Diallo
459414,Pellegrini
244135,Jung
489494,Padilla
489495,Luyambulabiwa
489496,Mendy
489497,Ez Zaytouni
487509,Garcia
58616,Bazile
246402,Basque
192699,Pedro Henrique
201644,Allagbe
431422,Koyalipou
454669,Lapis
482995,Doukansy
44136,Leca
234774,Sylla
152865,Traoré
156692,Phiri
213200,Eboa Eboa
232252,Merghem
149993,Correa
442673,Scheidler
176439,D'Almeida
447547,Brassier
221542,Vágner
245915,Rocha Santos
462425,Gueye
454702,Sissoko
60426,Grange
490109,Fofana
120773,Musavu-King
198987,Raveloson
429522,Renot
490099,Ba
167450,Beaulieu
184203,Salles
487534,Gyebohao
490105,Sylvestre-Brac
205569,Jacob
143670,Dilo
228292,Fofana
442707,Marchadier
247403,Kalulu Kyatengwa
37838,Riou
488423,Vandermersch
220967,Donisa
476987,Ducrocq
105408,Cissokho
228320,Seka
437692,Pattier
441582,Etuin
458322,Ponceau
215362,Francois
121596,Ngando
434828,Laiton
250333,Masson
221626,Caddy
208569,Mouaddib
114534,Junior Tallo
155962,Ji Xiaoxuan
448403,Begraoui
93632,Palun
468490,Phaeton
79228,Souaré
438015,Pintor
477368,Leroy
91019,Mendes
85682,Diallo
92170,Massadio Haidara
37939,Marveaux
49367,Privat
185482,Thioune
244591,Lasme
424930,Barka
40826,Aymes
209170,Dasquet
184083,Thiam
245485,Abdi
443276,Steven Sila
176503,Lefebvre
220646,Coulibaly
441584,Constant
173182,Bédia
230801,Radovanovic
438464,Doucoure
488351,Boli
84767,Mulumba
477369,Adinany
112467,Ba
219289,Flips
488068,Hugonet
488284,Abdul Samed
171459,Ben Mohamed
476791,Kyeremeh
492033,Kikonda
492034,Boahene
231373,Mamilonne
244949,Meras
217319,Ndom
193425,Benet
242514,Operi
471850,Chouaref
423064,Pierrot
216702,Maury
454677,El Khoumisti
485338,Jaby
40808,Oniangué
439364,Toufiqui
170861,Ba
492731,Guiet
422474,Bassi
225510,Cuypers
429188,Jallow
492730,Ba
218116,Kitala
449431,Laurienté
171419,Ersoy
77831,Rabiu
493211,Plumain
493212,Goncalves
154093,Teikeu
441576,Rocchia
462573,Umbdenstock
213579,Kante
105706,Yago
215490,Issoko
440114,Ngom
49057,Sanaia
95527,Ciss
433895,Le Roy
460590,Kilama Kilama
493900,Yongwa Ngameni
51634,Martin
165443,Flochon
460267,Diop
85597,Bussmann
494252,Gioacchini
467098,Marsella
177222,Ba
19500,Ménez
465345,Abdallah
490330,Ndiaye
176569,Trichard
476511,Beka Beka
119426,Gope-Fenepej
495382,Soumaré
440300,Loufilou
487395,Keny
444772,Tanasijevic
487510,Coelho
421128,Mathis
129482,Latour
496736,Mokdad
107259,Aloe
478862,Teixeira
227296,Kandjoura
140055,Traore
461831,Youfeigane
444944,Kristinsson
497241,Renel
441575,Diaby
483866,Wa Saka
488395,Fleurier
469268,Tramoni
498356,Mattoir
73678,Moukandjo
193080,Konate
498354,Diliberto
498355,Boutoutaou
464193,Bilingi
483164,Diako
192706,Djigla
120811,Belmonte
235069,Baiye
488367,Delos
202971,Fofana
449436,Bouzrara
146668,Keita
458347,Sow
500267,Bade
456046,Doucoure
471469,Bouzar Essaidi
488067,Matoug
489605,Papeau
85416,Nakoulma
229222,Mendes
157822,Lekhal
218666,Alexis Alegue
66589,Sunu
232175,Kouame
502607,Chader
502459,Fabien
502591,Nsimba Ndezi
219628,Abeid
445970,Sinayoko
55134,Mollo
55265,Butin
85577,Letellier
194141,Koziello
202985,Youssouf
226945,Dembélé
89087,Veseli
198067,Straalman
42712,Plante
111086,Heinry
420962,Tell
504051,Gouletquer
487511,Secchi
248086,Chevreuil
226947,Taha
487533,Goteni
504700,Obissa
504701,Koffi
505062,Ott
505063,Zinga
502431,Nsona
505834,Pereira Da Costa
505833,Bouzamouca
55179,Wakaso
55378,Manu García
61316,Joselu
79627,Vidal
80956,Pina
82970,Guidetti
91406,Pacheco
93421,Ely
126119,Duarte
131411,Pons
155851,Pérez
176245,Sivera
178873,Marín
244337,Tachi
246162,Aguirregabiria
434941,Rioja
490799,Sainz
49442,Olazábal
55268,Coke
77039,Toño
80993,Fernández
82418,León
86168,Rochina
88952,Campaña
89334,Miramón
90400,Postigo
96093,Vukcevic
109702,Martí
116206,Rúben Vezo
160607,Hernâni
165375,Morales
169586,Cabaco
195457,Melero
196739,Bardhi
199248,Mayoral
14464,Aduriz
18498,Raúl García
38394,Etxebarria
42670,Yuri
56680,Balenziaga
59062,De Marcos
76012,Muniain
89292,Herrerín
140264,Dani García
140266,Capa
183462,López
197319,Álvarez
197334,Williams
212769,Simón
242260,Larrazabal
242830,Núñez
437554,Dani Vivian
439772,Sancet
18221,Piqué
34703,Rakitic
39336,Suárez
52356,Alba
54104,Busquets
76650,Griezmann
77318,ter Stegen
86157,Roberto
88580,Umtiti
92819,Rafinha
171101,Lenglet
179271,Aleñá
179369,Pérez
200402,Nélson Semedo
209712,de Jong
210341,Iñaki Peña
219438,Dembélé
443967,Firpo
59981,Adán
65807,Savic
77390,Koke
77794,Trippier
81352,Oblak
86399,Vitolo
88482,Morata
89335,Ñíguez
102383,Arias
102578,Herrera
151883,Giménez
167199,Partey
167449,Lemar
192364,Llorente
208639,Saponjic
213431,Hermoso
233420,Renan Lodi
428399,João Félix
20150,Bergara
56419,Rodríguez
58637,Etxeita
64662,Cabrera
67527,Allan Nyom
76555,Molina
80795,Portillo
80908,García
92724,Fajr
93921,Chichizola
98976,González
99005,Suárez
109270,Mata
149838,Dakonam
171222,Arambarri
175204,Soria
179268,Cucurella
454317,Enric Gallego
10316,Joaquín
19534,Javi García
20399,Barragán
53142,Sidnei
78315,Robles
80287,Juanmi
81138,Bartra
86169,Tello
89747,Feddal
96122,William Carvalho
166552,Fekir
185648,Kaptoum
202044,Iglesias
208380,Pedraza
224389,Lainez
241157,Emerson
432751,Loren Morón
435090,Dani Martín
58819,Kiko Olivas
58876,Míchel
86148,Masip
87804,Antoñito
87815,Javi Moyano
89850,Sergi Guardiola
90394,Nacho
96771,Alcaraz
96785,Plano
108438,Ramírez
168636,Ünal
198906,Mohamed
220122,Fernández
224965,Lunin
242290,Toni Villa
441164,Porro
443761,Rubio
450527,Salisu
40270,Aspas
89572,Suárez
100868,Araújo
101820,Lobotka
106539,Blanco
107807,Vázquez
142276,Sisto
152563,Olaza
154414,Fernández
169205,Costas
178880,Méndez
195502,Sáenz
210171,Aidoo
234511,Fran Beltrán
234580,Villar
464213,Bermejo
490726,Losada
17861,Ramos
19927,Benzema
36903,Bale
37055,Modric
39563,Marcelo
44989,Kroos
60025,Rodríguez
60772,Courtois
61256,Casemiro
80209,Isco
88477,Nacho
90152,Varane
107593,Vázquez
185533,Jovic
201172,Odriozola
218449,Eder Militão
246333,Vinícius Júnior
16021,Diego López
46998,Granero
49267,Sánchez
56249,Iturraspe
59790,Vilá
78333,Javi López
86527,Ferreyra
100692,Naldo
116730,Wu Lei
121170,Prieto
169007,Darder
210424,Vargas
215686,Lluís López
234370,Roca
241703,Campuzano
241869,Calero
243718,Melendo
431434,Puado
17740,Navas
46479,Daniel Carriço
51945,Vaclik
52538,Fernando
53041,de Jong
62991,Escudero
72154,Gudelj
86173,Nolito
100731,Franco Vázquez
115860,Torres
121117,Ocampos
165659,Diego Carlos
170864,El Haddadi
195364,Jordán
199249,Reguilón
220325,Koundé
436234,Gil
16261,Cuéllar
48832,Rosales
53020,Siovas
59945,Pérez
68690,Braithwaite
90483,Eraso
91338,Recio
112540,Bustinza
112991,Omeruo
116132,Silva
178874,Soriano
197332,Merino
210419,Tarín
219173,Arnáiz
220166,Navarro
223757,Rodríguez
234991,En-Nesyri
441303,Ruibal
38519,Fran Mérida
51949,Lillo
56449,Villar
56916,Sanjurjo
71679,Martínez
84700,Brasanac
89399,Hernández
90402,Torres
98851,David García
138039,Herrera
141115,Brandon
168390,Ibáñez
204214,Estupiñán
205992,Chimy Avila
230598,Nacho Vidal
244363,Cardona
421115,Perea
477463,Moncayola
19484,Xisco Campos
32298,Manolo Reina
55354,Salva Sevilla
60757,Lago Junior
80906,Dani Rodríguez
85085,Trajkovski
85659,Chavarria
91953,Álex Alegría
94273,Budimir
105571,Raíllo
170116,Valjent
199250,Febas
215792,Sedlar
219718,Sastre
246477,Agbenyenu
435249,Parera
455197,Fran Gámez
463170,Baba
17906,Ramis
42839,León
48854,Orellana
56271,Quique González
61597,Kike García
76510,Rodríguez
80791,Enrich
83578,Álvarez
87026,Arbilla
87499,Paulo Oliveira
91393,Bigas
94618,Dmitrovic
103263,Inui
109262,Rober Correa
126510,De Blasis
156305,Escalante
199244,Tejero
420909,Edu Expósito
28525,Garay
42779,Gameiro
56624,Wass
56864,Coquelin
58792,Costa
72162,Cillessen
80954,Moreno
88489,Cheryshev
88754,Kondogbia
92055,Piccini
116732,Doménech
158074,Gabriel Paulista
181284,Gonçalo Guedes
208135,Diakhaby
215206,Maxi Gómez
221511,Manu Vallejo
224444,Torres
224860,Soler
16872,Moyá
54371,Zurutuza
73314,Willian José
84086,Illarramendi
98821,Zaldua
116626,Kévin Rodrigues
154976,Januzaj
184029,Ødegaard
195384,Merino
197316,Álex Remiro
216475,Zubeldia
219000,Oyarzabal
219168,Isak
224919,Le Normand
431644,Guevara
471138,Barrenetxea
472145,Muñoz
490310,Arambarri
18003,Albiol
19524,Santi Cazorla
48772,Asenjo
51792,Fernández
54513,Iborra
76610,Gaspar
93721,Moreno
98961,Manu Trigueros
109243,Moi Gómez
111274,Bacca
121221,Funes Mori
126290,Peña
164089,Xavi Quintillá
203325,Zambo Anguissa
218328,Chukwueze
227164,Morlanes
244954,Torres
17926,Soldado
55315,Díaz
57254,Ramos
76597,Montoro
87661,Sánchez
93335,Fede Vico
93338,Vadillo
106671,Quini
111133,Machís
124097,Rui Silva
125945,Azeez
156301,Antonio Puertas
176189,Fernández
176278,Escandell
200599,Domingos Duarte
218774,Yan Eteki
226541,Herrera
472148,Neva
198221,Muñoz
55317,Espinosa
60121,Corchia
227172,Lozano
42565,Vidal
204043,Arthur
465607,Anssumane Fati
37064,Guardado
56448,Canales
86813,Mandi
449993,Rebollo
76508,Mallo
150360,Santi Mina
51952,Parejo
132105,Gayá
451358,Lee Kang-In
198499,Maksimovic
42995,San José
84471,Gómez
90318,Martínez
231187,José Antonio Martínez
49309,Banega
106899,Mesa
464403,André Grandi
468459,Avilés
116404,Felipe
100059,Moreno
219855,Ontiveros
42869,Pedraza
88550,Portu
149915,Llorente
235227,Gorosabel
54794,Roncaglia
130026,Rubén García
209864,Otegui
27672,Diop
86349,Charles
88483,Carvajal
223255,Valverde
178092,Fede San Emeterio
442157,De la Fuente
215684,Córdoba
201179,Sangalli
18507,Diego Costa
437834,Riquelme
106468,Álex Moreno
222874,Awaziem
168287,Calleri
90407,Timor
49370,Laguardia
108145,Clerc
127122,Barba
39498,López
38400,Álvarez
55343,Salibur
219271,Kubo
206255,Mendy
86940,Magallán
197937,Burke
120026,Bounou
462116,Todibo
163784,Jason
59963,Gonalons
59140,Cote
446990,Pedrosa
98914,Carrillo
40559,Fabri
92187,Prats
118335,Baba
199319,Señé
42786,Hazard
440077,Rodrygo
99128,Duarte
200957,Elustondo
156223,Correa
143622,Hervías
61814,Raúl Navas
197314,Lekue
197326,Vesga
90728,Ximo Navarro
101394,Yokuslu
11129,David López
56161,Köybasi
19054,Messi
69752,Neto
100263,Radoja
490859,García
493599,Gutiérrez
466543,Ratiu
51271,Piatti
250887,Pipa
234548,Pozo
194625,Kodro
222629,Thierry Correia
148245,Dani Torres
220060,Castro
90733,Cabrera
112994,Sobrino
86151,Gómez
445087,Araújo
213572,Rivera
437481,Gómez
440014,Altube
439716,Duro
440673,Moctar Sidi El Hacen
105488,Juncà
241153,De Frutos
452551,Plaza
89217,Álex Martínez
178347,Mariano
216183,Díaz
438022,Sagnan
491436,Cárdenas
439871,Carreira
178865,Marín
78874,Pérez
442819,Cristian Rivero
214966,Olivera
169873,Burgos
437385,Leal
469402,González
104611,Dabbur
163817,Burgui
212770,Villalibre
490866,Poulolo
205606,Kravets
497243,Ivi
57112,Mangala
224438,Esquerdo
244987,Javi Jiménez
203151,Soni
39621,Vitorino Antunes
179380,Toni Moya
244690,Poveda
465494,Sánchez
242317,Dani Morer
208765,Pérez
447091,Fran Vieites
484701,Álvarez
218772,Eliseo
445998,Martínez
241160,Cáseres
244716,Hernández
434701,Pereira
163711,Unai García
434631,Atienza
490865,Cubero
219225,Hernández
223764,Rodríguez
500697,Pepe Sanchez
248507,Camello
467020,Valera
225463,Ndiaye
488527,Bravo
195383,Ezkieta
107117,Murillo
437765,Riqui Puig
197024,Rodríguez
446306,Zubiaurre
151978,Cristóforo
484388,Clemente
227560,Etebo
463057,Javi Martínez
229320,Caro
224467,Pacheco
502290,Niño
119403,de Tomás
68353,Vrsaljko
500742,Mourid
167164,Bradaric
132161,Embarba
169148,Deyverson
495392,Lobete
451787,Javi Díaz
242315,Collado
246214,Samu Pérez
169201,Chema Rodríguez
86137,Guerrero
434010,Lombo
481655,Zubimendi
199259,Javi Sánchez
119718,Carrasco
103953,Suso
43547,Fejsa
97617,Florenzi
51129,Smolov
86876,Paco Alcácer
194554,Chakla
89215,Méndez
465495,Ricard Sánchez
169074,Koutris
182617,Koke Vegas
201865,Assalé
18753,Ben Arfa
439768,Unai Vencedor
221306,Toni Lato
194827,Manaj
165800,Rafa Soares
220871,Akieme
466464,Djouahra
437460,Guillamón
242829,Etxebarria
493690,Antoñin
178870,Kike Barja
179272,Sillero
234509,González
224465,Lozano
248501,Álex Baena
228669,Rodríguez
483881,De la Fuente
484406,López
492142,Abdallahi
230567,Andorinha
200910,Matheus Fernandes
242312,Monchu
174292,Asensio
463163,Javi Hernández
449931,Pacheco Dozagarat
467063,López
484702,Oroz
218776,Rodríguez
241689,Mena
494928,Juanlu Sanchez
491430,Sánchez
220093,Rober Pier
508480,Amores
431229,Ramos
500807,Baena
428798,Kochorashvili
434638,Felipe Chacartegui
508475,Romero
490862,Fontán
241865,Kike Pérez
488401,Melamed
39817,Soriano
508458,Jesus Ruiz
504804,Pérez Rico
227162,Chumi
439346,Kike Saverio
467005,Gozálbez
490860,Hualde
246301,Cuenca
439353,Tugarinov
508444,Villahermosa
442156,Marí
230685,Rosic
436225,José Lara
209704,Alende
248498,Gutiérrez
199253,Lavin
459601,Monterde
508482,Garrido
465278,Víctor García
488048,Pacheco
437471,García
464558,García
494571,Álex Blesa
484698,González
109707,Szymanowski
451827,Adrià Guerrero
436216,Pastor
491955,Dufur
234373,Rafa Navarro
464575,Jutglà
500047,Obrador
449924,Tenas
430371,Ezzarfani
490863,Domínguez
466118,Luis López
495631,García Bauzá
485339,Koindredi
433207,Trápaga
509524,Garrido
509525,Jime
509531,Visus
18362,Cigarini
33871,Klavan
37412,Birsa
38833,Nainggolan
39354,Aresti
49720,Ragatzu
53344,Pisacane
60655,Ionita
60715,Castro
60849,Ceppitelli
67977,Pavoletti
75770,Rafael
88340,João Pedro
111515,Lykogiannis
141563,Mattiello
156707,Cerri
162330,Deiola
171390,Romagna
192351,Nández
215981,Pellegrini
220176,Pinna
444628,Oliva
15842,Gastaldello
19565,Alfonso
19936,Dessena
60069,Tremolada
87846,Martella
111280,Chancellor
111319,Joronen
121991,Zmrhal
126488,Sabelli
148856,Donnarumma
153745,Bisoli
173134,Spalek
183672,Morosini
201134,Cistana
214243,Aye
216412,Semprini
220245,Mangraviti
432422,Tonali
444433,Curcio
20360,Boateng
28559,Ribéry
56999,Badelj
79583,Terracciano
88432,Biraghi
90557,Ceccherini
121220,Pezzella
122476,Benassi
139146,Pulgar
162842,Dragowski
166016,Simeone
178724,Venuti
195634,Castrovilli
215983,Ranieri
216791,Lirola
223541,Chiesa
225479,Vlahovic
227444,Milenkovic
235454,Sottil
427148,Zurkowski
430847,Terzic
459362,Tòfol Montiel
48332,Karnezis
48844,Ospina
51732,Callejón
54917,Mertens
62305,Chiriches
66806,Manolas
75592,Insigne
78819,Verdi
83340,Malcuit
86129,Koulibaly
87542,Maksimovic
88746,Ghoulam
93661,Di Lorenzo
101019,Mário Rui
107363,Hysaj
113529,Younes
119765,Allan
126440,Zielinski
168618,Luperto
171366,Meret
201379,Ruiz
225807,Elmas
437780,Gaetano
18231,Pazzini
19620,Miguel Veloso
21191,Bocchetti
49391,Faraoni
56486,Silvestri
57012,Lazovic
60017,Marrone
94239,Berardi
105132,Verre
118888,Günter
141925,Dawidowicz
157008,Zaccagni
161931,Tutino
165196,Rrahmani
168225,Henderson
172838,Empereur
172912,Amrabat
213535,Radunovic
220157,Tupta
222598,Adjapong
235447,Danzi
240271,Traore
433059,Kumbulla
20153,Palacio
32269,Dzemaili
39830,Poli
53686,Danilo
55885,Ângelo da Costa
59920,Roberto Soriano
60071,Destro
78109,Santander
81033,Sansone
84625,Krejci
85288,Skorupski
111729,Denswil
119213,Dijks
119908,Mbaye
152965,Bani
205560,Sarr
210912,Svanberg
218324,Michael
223723,Tomiyasu
223966,Orsolini
230152,Schouten
430368,Skov Olsen
433130,Corbo
14216,Berni
18377,Padelli
18383,Handanovic
27794,Valero
39167,Ranocchia
39826,D'Ambrosio
45156,Candreva
49485,Asamoah
66749,Lukaku
78140,de Vrij
94425,Brozovic
112065,Skriniar
147166,Sensi
148215,Vecino
153776,Politano
161919,Dimarco
171152,Gagliardini
171384,Barella
209737,Martínez
212752,Dalbert
215977,Bastoni
465661,Esposito
28388,Mancosu
47545,Rossettini
48494,Shakhov
50016,Rispoli
50352,Calderoni
52857,Tachtsidis
55654,Farias
68915,Lucioni
79847,La Mantia
80948,Lapadula
89311,Benzar
91769,Falco
100680,Gabriel
120390,Majer
126543,Tabanelli
130028,Haye
155022,Bleve
195559,Petriccione
197097,Riccardi
213534,Dell'Orco
444020,Vera
454722,Dubickas
20099,Ceravolo
21232,Barillà
27256,Bruno Alves
37020,Iacoponi
43274,Gervinho
49988,Siligardi
50322,Colombi
59326,Sepe
60999,Scozzarella
69143,Kucka
82135,Inglese
85046,Laurini
93854,Brugman
97346,Dermaku
114517,Cornelius
148868,Sprocati
153693,Gagliolo
157717,Hernani
184095,Karamoh
195516,Grassi
197903,Ricci
206552,Pepín
445044,Kulusevski
4126,Buffon
14937,Cristiano Ronaldo
18102,Chiellini
28277,Bonucci
37971,Matuidi
39816,Khedira
40232,Higuaín
46197,Mandzukic
46696,Pjanic
53693,Alex Sandro
57195,Douglas Costa
59338,Pinsoglio
59936,Szczesny
66733,Cuadrado
100180,Danilo
107013,De Sciglio
112338,Can
120638,Dybala
120743,Rabiot
147297,Bernardeschi
202993,Bentancur
209365,de Ligt
439128,Demiral
12730,Mirante
40792,Fazio
42544,Dzeko
42593,Kolarov
54782,Pastore
55604,Santon
91990,Juan Jesus
96740,Veretout
105700,Zappacosta
109511,Cristante
182960,López
184441,Pellegrini
196680,Schick
198374,Mancini
212533,Diawara
222683,Kluivert
228798,Ünder
235585,Daniel Fuzato
235630,Antonucci
245414,Zaniolo
15061,Pandev
19821,Criscito
19891,Schöne
27300,Cristián Zapata
38479,Marchetti
40436,Radovanovic
72738,Rômulo
116196,Biraschi
159039,Barreca
165229,Jagiello
166965,Lerager
168598,Sanabria
185584,Jandrei
201652,Favilli
202903,Ghiglione
215531,Radu
216040,Pinamonti
221632,Romero
232061,Kouamé
241276,El Yamiq
450024,Rovella
12473,Quagliarella
14404,Barreto
49940,Regini
50779,Ekdal
61548,Gabbiadini
78091,Ramírez
84724,Bereszynski
95180,Caprari
105108,Murru
126486,Falcone
140181,Linetty
156267,Colley
161490,Ferrari
161932,Bonazzoli
179296,Thorsby
193509,Audero
195577,Jankto
221608,Vieira
247386,Bahlouli
423768,Léris
428785,Chabot
431079,Augello
27251,Proto
27353,Radu
42173,Caicedo
43191,Lucas Leiva
51221,Parolo
52049,Lulic
59046,Immobile
62067,Berisha
82451,Luis Alberto
84178,Acerbi
106461,Patric
110654,Bastos
116195,Correa
130963,Cataldi
140200,Strakosha
141219,Guerrieri
156323,Lazzari
164266,Vavro
169107,Marusic
180793,Milinkovic-Savic
214435,Adekanye
215510,Luiz Felipe
462708,André Anderson
17319,Felipe
19731,Missiroli
28592,Floccari
49569,Paloschi
51303,Valdifiori
60074,D'Alessandro
61824,Berisha
62396,Tomovic
71799,Cionek
90594,Valoti
92519,Kurtic
147886,Petagna
157735,Di Francesco
162304,Vicari
174876,Moncini
184859,Jankovic
184953,Dickmann
198160,Murgia
223434,Igor Julio
229695,Letica
243837,Thiam
420879,Strefezza
490834,Cannistrà
17985,Masiello
26793,Skrtel
55776,Gómez
61118,Rafael Tolói
73709,Rossi
82428,de Roon
87750,Muriel
89076,Freuler
89861,Palomino
96645,Djimsiti
103086,Duván Zapata
156683,Gollini
157374,Malinovskiy
164570,Pasalic
170135,Hateboer
177901,Gosens
430788,Ibañez
442430,Barrow
491518,Ndiaye
17192,Rosati
21125,De Silvestri
21155,Sirigu
50933,Rincón
50937,Ansaldi
60270,Zaza
102195,Baselli
102766,Djidji
103119,Meité
105119,Izzo
111722,Belotti
159042,Parigini
159506,Ola Aina
175639,Bonifazi
195385,Alex Berenguer
212314,Lukic
428585,Bremer
442661,Millico
473242,Gemello
478960,Singo
489361,Rauti
7485,Pegolo
18500,Consigli
38476,Peluso
50821,Caputo
59779,Obiang
66228,Djuricic
78796,Bourabia
116056,Duncan
135365,Boga
147614,Goldaniga
155620,Ferrari
160540,Toljan
160852,Mazzitelli
164099,Marlon Santos
171387,Locatelli
216035,Tripaldelli
218441,Rogerio
220872,Gravillon
224990,Müldür
235224,Brignola
424044,Traore
446969,Raspadori
450015,Russo
39781,De Maio
56733,Jajalo
68659,Stryger Larsen
72486,Nestorovski
76623,Nuytinck
88768,Teodorczyk
105059,Nícolas
119141,de Paul
121537,Musso
131304,Troost-Ekong
154344,Fofana
162651,Samir
182514,Mandragora
184289,Walace
192905,Lasagna
205198,Perisan
208973,Sierralta
215312,Pezzella
218784,Barak
220063,Rodrigo Becão
49417,Bonaventura
57527,Musacchio
69305,Rodríguez
77454,Borini
83984,Antonio Donnarumma
111732,Calhanoglu
126551,Romagnoli
148025,Laxalt
155748,Krunic
161918,Calabria
165811,André Silva
173181,Kessié
185065,Piatek
193183,Conti
193449,Samu Castillejo
202041,Bennacer
204936,Gianluigi Donnarumma
215979,Gabbia
216065,Rafael Leão
222329,Léo Duarte
224024,Lucas Paquetá
432760,Soncin
55083,Sportiello
55712,Ilicic
193922,Guilherme Arana
48853,Medel
229798,Reca
111782,Olsen
195303,Rog
32281,Godín
37265,Sánchez
192252,Pajac
444845,Agudelo
43693,Cáceres
150710,Rugani
179361,Lozano
92190,Jony
55909,Smalling
433734,Cetin
49719,Vigorito
462484,Gallo
428897,Eddie Salcedo
432105,Pessina
104080,Torregrossa
209913,Mateju
16765,Matri
95215,Defrel
116796,Berardi
485264,Ghion
222467,Depaoli
467209,Avogadri
218234,Mallé
21142,Rigoni
205199,Alastra
171699,Paz
115858,Ghezzal
41792,Ramsey
57107,Saponara
82830,Ankersen
48714,Kjaer
166477,Castagne
32286,Di Carmine
38986,Vitale
108143,Stepinski
39462,Biglia
98456,Rebic
222784,Hernández
19760,Llorente
55688,Seculin
122826,Rigoni
40002,Darmian
51188,Cacciatore
429187,Walukiewicz
50401,Kalinic
84161,Spinazzola
106247,Kyriakopoulos
80974,Sala
474781,Jorge Silva
42825,Ujkani
197983,Edera
212721,Lyanco
71032,Babacar
456493,Dumancic
182518,Cassata
209352,Lo Faso
103076,Milik
51960,Falque
14715,Magnanelli
20046,Okaka
493196,Kubala
42493,Balotelli
109353,Lukaku
102738,Imbula
126888,Meccariello
52775,Nkoulou
455779,Beruatto
249165,Tunjov
466108,Zanchetta
226252,Raspa
161794,Magnani
182881,Andrenacci
206553,Ndoj
447755,Viviani
433128,Turati
184508,ter Avest
42426,Tonelli
224282,Pedro
123309,Faragò
50246,Salamon
495532,Mastrilli
471435,Alia
458059,Brescianini
467101,Camara
243715,Vasco Oliveira
60073,Bertolacci
215234,Maroni
55340,Perotti
495527,Piccinini
226267,Piccoli
493250,Traore
449580,Baldursson
462538,Juwara
496275,Portanova
149038,Gümüs
438539,Wesley
478573,Lucas
216042,Olivieri
218485,Han Kwang-Song
248670,Riccardi
466075,Calafiori
477632,Darboe
496285,Kryeziu
465614,Adorante
496632,Rimoli
91070,Eysseric
205454,Rasmussen
431959,Brancolini
464770,Cangiano
496855,Cleonise
174651,Caldara
226273,Vergani
492868,Fonseca
493265,Da Riva
470501,Colley
246877,Cerofolini
488253,Maldini
248666,Cardinali
498407,Ballarini
94751,Sturaro
468426,Agoume
490833,Ciocci
247359,Buongiorno
487988,Molla
102228,Pjaca
216828,Muratore
437802,Portanova
477462,Pierno
499207,Monterisi
200916,Leandrinho
87995,Perin
181074,Minala
80149,Donati
499212,Maselli
245982,Pompetti
499194,Oddei
465737,Daniele
473341,Okoli
458356,Stanzani
21123,Behrami
501395,Carboni
9808,Ibrahimovic
449470,Adopo
60800,Badu
439928,Ladinetti
501820,Cuellar
465637,Pirola
250869,Heidenreich
233543,Chironi
501890,Laraspata
119605,Bruno Peres
470329,Kaique Rocha
250199,Domínguez
499195,Pellegrini
27770,Bjarnason
97528,Skrabb
105133,Cragno
92042,Demme
153116,Olivera
449822,Jocic
209343,Coccolo
170857,Anderson
83561,Dabo
40349,Begovic
466111,Boloca
49013,Moses
439929,Gagliano
502665,Porru
51767,Eriksson
502669,Colella
66247,Zeegelaar
487991,Dalle Mura
458919,Czyborra
437746,Saelemaekers
465626,Stankovic
208339,La Gumina
450048,Askildsen
153603,Pereiro
488616,Corvi
450782,Villar
59886,Zukanovic
503051,Oltremarini
503057,Dubickas
503371,Mazza
503520,Sava
184661,Fares
173131,Haraslin
151869,Ichazo
456825,Lombardi
240939,Peeters
450019,Jean Greco
457784,Ghazoini
508616,Celesia
455774,Sutalo
247362,Breza
472001,Bonini
504761,Ruffo Luci
505832,Papetti
489585,Ghezzi
432639,Meneghetti
233386,Zanimacchia
244421,Vrioni
226257,Armini
498794,Falbo
508626,Radicchio
450025,Colombo
475599,Radaelli
458824,D'Amico
489482,Mazzolo
497953,Palumbo
439921,Medja Beloko
508625,Terracciano
508621,Boccia
501819,Cuellar
483988,Lovato
508630,Mercati
509044,Pierobon
508629,Aurelio
466946,Idasiak
434384,Rodrigo Guth
432450,Manzari
509231,Oviszach
508622,Marigosu
509268,Abbrandini
508493,Olzer
465701,Raul Moro
477121,Balogh
477131,Kosznovszky
508623,Del Pupo
226271,Lirussi
509530,Compagnon
487495,Chiorra
209340,Bianchi
489245,Horváth
508632,Iskra
246002,Frabotta
242875,Onisa
248669,Sandri
508634,Enrici
449738,Torrasi
174254,Chirivella
511226,Jan
512111,Racovitan
512112,Arli
215047,Coulibaly
494978,Taibi
39931,Yilmaz
220237,Botman
421821,David
485335,Chevalier
476883,Soppy
494521,Truffert
79917,Saadi
490340,Chahiri
446682,Balerdi
247146,Neyou
424920,Krasso
489573,Moueffek
228539,Majecki
242894,Geubbels
437753,Biancone
465524,Matsima
465525,Matazo
465526,Millot
487606,Pavlovic
218218,Faes
232828,Hornby
241059,De Smet
186796,Omlin
492975,Diomande
229707,Lotomba
245090,Robson Bambu
437925,Daniliuc
456512,Ndoye
209778,Fariñez
224868,Medina
510139,Boura
181402,Cubas
197498,Meling
220074,Pierre-Gabriel
250685,Heriberto Tavares
437721,Cibois
441240,Faivre
511593,Le Douaron
512157,Benvindo
465681,Fadiga
465684,Ruiz-Atil
465685,Kapo
465702,Pembele
100207,Jans
490884,Ali-Cho
512760,Bangoura
221095,Clauss
493362,Simons
175624,Chalá
458345,Sabaly
247693,Kolo Muani
423870,Ahlinvi
512759,Doucouré
477697,Ben Achour
477720,Benchama
512771,Sow
512726,Ben Seghir
136380,Celina
511568,Younoussa
169141,Mounie
492836,Innocenti
501334,Gueye
180736,Chalobah
20487,Mannone
85370,Volland
463067,Rutter
78407,Nagatomo
514434,Besic
496523,Chadli
515139,Ludivin Majouga
512113,Boma
515700,Sidibé
513349,Pionnier Bertrand
208555,Bessile
476887,Bakwa
156003,Pollersbeck
516137,Tormin
476888,Mara
216055,Florentino Luís
478270,Luis Henrique
503724,Assignon
217486,Adama Traoré
482442,Sarr
248875,Doku
204730,Cuisance
230971,Caio Henrique
157841,Eliasson
475944,Aribi
510663,Ekitike
518089,Drammeh
438398,Moffi
228373,Benlamri
451542,Barcola
482609,Gusto
490239,Özkacar
476893,Traoré
241099,Souici
87668,Danilo Pereira
510299,Souaré
518805,Randriamamy
519342,Sommer
519343,Senaya
446006,Ammour
466038,Soumare
461698,Pizzuto
512761,Vanni
531004,Dieng
513351,Sellouki
522461,Prso
521055,Pierre
476411,Dialy Ndiaye
476889,Nazih
477724,Wahi
208560,Mahou
523232,Mouyokolo
513350,Kari
523643,Malanda
523685,Lacoux
492824,Bouleghcha
523895,Simbakoli
466054,da Silva
523896,Gabard
115357,Hassen
454398,Etienne
469324,Bartouche
521470,Boulhendi
249956,Diatta
449433,Valentim
517404,Fall
475352,Camilo
530309,Mendy
489571,Green
530357,Bakayoko
482257,Targhaline
510312,Bertelli
465703,Vimalin
102548,Tiago Ilori
35865,Modeste
205056,Cissé
170271,Seri
510140,Oudjani
492947,Ascone
158234,Ueda
135247,Ntcham
197030,Kamara
493349,Michut
531001,Sylla
532531,Sissokho
531003,Merlin
482394,Ba
533461,Doumbouya
492845,Fatar
531002,Elimbi Gilbert
535795,Sahi
484743,Niakhate Ndiaye
535811,Ouennas
476412,Lopy
503714,Ugochukwu
536175,Louveau
536177,Camara
533628,José Bica
536194,Siwe
496630,Nagera
204729,Fortuné
518313,Falouh
493347,Franchi
537474,Kembo
537475,Varane
477717,Estève
510314,Kamardin
503726,Abline
503732,Omari
538113,Dramé
538067,Pandor
469318,Mouanga
468657,Lukeba
517058,Keita
531033,Doucouré
538452,Mendy
448207,Decarpentrie
503696,Diouf
5359211,Belhadji
531075,Mikelbrencis
5359210,Sciortino
200671,Depres
477085,Wade
477723,Delaye
476404,Mbow
539228,Bokele Mputu
477849,Lhéry
539225,Saban
538781,Belhadji
539227,Costes
511291,N'Jike
511293,Cimignani
512127,Elisor
512128,Dedola
457977,Nouri
511296,Doucouré
195476,Lewis
424149,Lomotey
431426,Coudert
437950,Khalid
455732,Ciss
480469,Gomis
511290,Monzango
471139,Haag
485959,Biron
199663,Georgen
79237,Pogba
462567,Moltenis
473244,Sans
199664,Danger
212950,Callegari
473703,Camelo
230448,Campanini
458269,N'Diaye
481615,Arab
501680,Name
511604,Laura
512123,Hadjam
512126,Camara
179089,Dossou
439777,Bayo
511344,Seidu
193409,Bammou
441434,Traore
477846,Ngouabilougagui
84490,Larsen
90126,Paul-Georges Ntep
151065,Basilio
179776,Philipe Sampaio
430855,Ndenbe
511596,Ba
511597,Moutachy
511598,Leclercq
511600,Benhattab
149410,Obiang
213335,Leborgne
219298,Kerouedan
55592,Ravet
144056,Tapoko
151908,Achille Anani
176480,Diallo
217517,Cissé
234458,Gaspar
174969,van den Boomen
489889,Zobo
79870,Ketkeophomphone
106160,Dudouit
168433,Maraval
206761,Vialla
220962,Kouagba
231876,Goteni
241623,Harouna Sy
429519,Kerrouche
440656,Pierre
442750,Boudaud
442751,Bruneel
473329,Bosca
511176,Gomis
511180,Thiam
511182,Kebbal
204150,Saint-Louis
221245,Lumeka
512243,Vita
243998,Alioui
509286,Mamadou Fofana
512241,Bentil
437503,Picouleau
441583,Guel
511975,Doukoure
26758,Scaramozzino
106599,Bertrand
195784,Batisse
198188,Koffi
213591,Ba
220941,Bayard
235709,Daubin
245653,Kamissoko
433666,Sadzoute
462552,Lobry
485966,Jarju
501676,Bansais
501678,Ndiaye
511971,Meliande
476894,Lepenant
511294,Hervieu
174317,Machado
210464,Bayo
512745,Toure
461433,Traore
511599,Delguel
433324,Susnjara
68166,Hanin
225183,Guclu
501675,Bury
511641,Diatta
510893,Jarmouni
73877,Nouri
424835,Odey
502436,Nkambadio
511603,Guilavogui
159576,Jubal
474110,Zabou
514339,Gomes
422249,Lebeau
193823,Latouchent
514425,Inoussa
86383,Dejaegere
131403,Healey
489887,Rouault
491720,Morante
511608,Domingues
494520,Bianchini
442748,Huysman
473530,Cetiner
511178,Kabamba Kalonji
511179,Salhi
511187,Vannoye
100961,Kouassi
512711,Roux
510895,Virginius
510904,Manuel Semedo
515609,Aubin Diagne
515615,Faraj
511652,Gueye
149035,Niane
457982,Beusnard
516197,Renoud
516201,Giagnorio
509287,Mahmoud
208568,Vallier
516203,Matufueni m'bondo
466046,Margueron
516940,Maronne
450381,Bourdelle
501583,Bouzit
471141,Linguet
511605,Gambor
516941,Pembele
501677,Sylla
516889,Nguena
106600,Sainati
204405,Spierings
179615,Henen
518140,Orphe M'Bina
511297,Canelhas
518144,Péan
229225,Gory
488363,Bombo
511292,Fouda
518531,Bonny
208745,Caddy
509284,Casimir
511368,Warren
518527,Alfatahi
492172,Assogba
519317,Veillon
227300,Conté
519751,Nonnenmacher
512746,Chaminade
511186,Guillaume
519732,Wahib
485341,Tokpa
521176,Baro
179569,Diakite
521597,Viltard
488441,Meddah
501679,Laplace-Palette
523105,Camele
176737,Dady Ngoye
439964,Rafael Fonseca
520172,Sangaré
523673,De Percin
511640,Trindade
519357,Thioub
240136,Muyumba Nkita
429424,Celestine
523644,Diakité
166076,Dewaest
199734,Mubele
471140,Wooh
119681,Boutaïb
530271,Pinot
204513,Abou Demba
212333,Dabo
33203,Kankava
530140,Loridan
210205,Souleymane Diarra
440632,Itaitinga
530141,Lefebvre
60423,Martial
243521,Pettersson
530337,Macalou
476508,Gueddar
227764,Ibara Doniama
530577,Cozzi-Buet
511629,Curcija
424242,Gomez
530579,Lachuer
165840,Azamoum
531396,Lesueur
531397,Schacherer
531399,Dedelhomme
531401,Kapela
193046,George
530827,Nemouthe
532013,Godefroy
532014,Gassmann
532011,Arias
482454,Mvoue
485340,Rapnouil
511343,Aljic
233497,Diakhaby
533003,Arconte
511356,Cathline
533006,Camara
534316,Didot
447032,Petkovic
455784,Filip Yavorov Krastev
476526,Mbala
477851,Ba
476375,Botué Kouamé
509285,Sangante
535702,Traoré
535704,Cal
535705,Najim
535706,Hountondji
535703,Cassubie
167929,Rocheteau
60343,Yatabaré
535979,Bangré
482598,Tebily
530832,Ouhatti
530581,Diallo
485751,Ben Fredj
219297,Gaudin
538073,Gassama
538074,Marques
469255,Cisse
538416,Brika
538417,Toubibou
448273,Skytta
482260,Kechta
5359187,Bachelet
5359188,Barker
5359189,Richardson
5359190,Wam
5359191,Bodmer
5359184,Xantippe
5359185,Haouari
168399,Norris
152590,Alex Telles
180184,van de Beek
232413,Eze
61739,Le Marchand
72681,Odoi
76357,Cairney
82514,Ream
83543,Knockaert
84915,Hector
87107,Christie
92259,Kebano
96994,De Cordova-Reid
101105,Bryan
128389,Mitrovic
153366,Reed
155529,Rodák
166324,Ivan Cavaleiro
168765,Onomah
153256,Mohamed Elneny
28690,Pablo Hernández
39790,Kiko Casilla
66588,Ayling
72222,Klich
87873,Dallas
105377,Alioski
106617,Bamford
155405,Phillips
165808,Hélder Costa
173821,Roberts
193645,Koch
215460,Poveda-Ocampo
221399,Harrison
221610,Shackleton
222694,Struijk
467114,Casey
164484,Steffen
171314,Rúben Dias
449926,Bernabé
178301,Watkins
199796,Cash
232653,Ramsey
153673,Kenny
42427,Gibbs
49440,Robson-Kanu
49944,Livermore
49957,Grosicki
59940,Bartley
61600,Sawyers
77777,Ahmed Hegazi
78356,Austin
101982,Johnstone
146426,Semi Ajayi
174593,Edwards
176420,Furlong
179830,Diangana
210407,Matheus Pereira
216616,O'Shea
232427,Harper
81441,Gillespie
49262,Steele
111478,Veltman
198869,White
165153,Werner
219847,Havertz
82143,Foderingham
199598,Ampadu
437858,Vitinha
449988,Fabio Silva
61558,Thiago
214285,Tsimikas
50229,Phillips
183015,Kipré
195864,Field
55914,Cooper
463912,Caprile
480216,Bogusz
151086,Lemina
114536,Inniss
463034,Delap
220738,Molumby
169528,Robinson
155569,Amartey
155197,Lowe
455084,Davis
114243,Murphy
108053,Townsend
225368,Shabani
164555,Coufal
41135,Ivanovic
200878,Krovinovic
61916,Johansen
219352,Lookman
124183,Ziyech
57328,Clyne
109646,Adarabioyo
245824,Carlos Vinicius
180294,Grant
232787,Gallagher
214225,Rodon
461096,Richardson
431019,Ziger
219937,Rhys Williams
172841,Benrahma
432720,Trafford
204676,Zeqiri
215059,Sánchez
105666,Butland
492374,Jenkins
232797,Ramsay
38716,Peltier
233489,Clarkson
215379,Anderson
109638,Bryan
243343,Cain
432927,Langley
226182,Bogle
443296,Corbeanu
219265,Nmecha
465299,Mancini
461446,Onyango
437688,Richards
481626,Marques
109434,Kongolo
448487,Söndergaard
439510,Mbete
487836,Hackford
445896,Chauke
492066,Huggins
492373,Cresswell
505265,Diaby
490145,Scarlett
496179,Devine
462635,Gelhardt
486870,Alves
465551,Lonwijk
108813,Walton
215062,Sanders
230127,Tau
244848,Jenks
440241,Weir
465572,Khadra
478912,Chukwuemeka
481624,Philogene-Bidace
447093,Tchaptchet
456966,Watts
461533,Odubeko
243505,Moder
167473,Izquierdo
231747,Mateta
490721,Bueno
478449,Gordon
164011,Diagne
184259,Nartey
219291,Gomes
232229,Daley-Campbell
232881,Leshabela
447372,Finnigan
440993,Ndiaye
481371,Brunt
152898,Davies
209288,McGill
442229,Karbownik
438277,Kabak
462384,Baptiste
531076,Maguire
472464,Shoretire
223824,Hannam
173818,Broadhead
232829,John
422612,Astley
421796,Tavares
232398,Trott
433019,Liam Hughes
490138,Ojrzynski
465390,Hayden
447373,Flynn
447325,Tyrer
38588,Berardi
250370,Bishop
513789,Suengchitthawon
486672,Caicedo
474907,Welch
491559,Price
450542,Rak-Sakyi
439482,Azeez
248937,Greenwood
450070,Summerville
433590,Drameh
244858,Carvalho
182436,Woodburn
439242,Gardner-Hickman
470255,Taylor
480818,Koumetio
441191,Livramento
523700,Jebbison
449434,Elanga
461585,Maswanhise
235640,Boyes
471848,Seriki
444575,King
223335,Jasper
432931,Francois
490094,Iroegbunam
461212,John
538207,Osula
461566,Fish
465527,Mejbri
89551,Battaglia
464899,García
514474,Pepe Blanco
475177,Akouokou
514476,Fran Delgado
514477,Barba
173268,Grbic
439595,San Román
488042,Soriano
103040,Rekik
169813,Acuña
219194,Idrissi
222564,Trincão
223348,De la Fuente
242313,Mingueza
250676,Dest
490541,Pedri
38101,Nino
83553,Fidel
93283,Cifu
105093,Luismi
110923,Badia
149666,Helibelton Palacios
152723,Mojica
175090,Milla
183778,Mfulu
185650,Dani Calvo
193774,Boyé
195381,Raúl Guti
201550,Verdú
220123,Josema
429644,Tete Morente
464442,Andreu
501671,Jony Álamo
508463,Barri
522785,John Donald
105564,Kadzior
491960,Mendía
514206,Arietaleanizbeaskoa
166162,Tapia
220046,Mor
437803,Baeza
494932,Rodriguez
514189,Veiga
17260,Cifuentes
42892,Negredo
54806,Augusto Fernández
55412,Juan Cala
88479,Álex Fernández
89592,José Mari
94547,Malbasic
94756,Salvi Sánchez
102002,Jonsson
104448,Lozano
111313,Carcelén
166138,Akapo
173947,Gil
178424,Espino
179926,Alejo
194302,Bodiger
206342,Pombo
212691,Rhyner
213118,Fali
226111,Marcos Mauro
441313,González
490316,Flere
499093,Baró
93203,Juan Cruz
111232,Torró
179265,Zabarte
167742,Milla
463182,Soro
245018,Zarraga
466558,Morcillo
437463,Chust
437465,Blanco
466072,Marvin Park
493344,Sergio Arribas
110713,Yáñez
464283,Juan Iglesias
476459,Abdulai
521510,Patrick
228611,Racic
244847,Musah
454883,Álex Centelles
458259,Álex Blanco
466042,Molina
223770,Dani Gómez
244636,Son
179371,Kuki Zalazar
230029,Luis Pérez
242310,Rey
435679,Weissman
201178,Guridi
201182,Bautista
460265,Navarro
513942,Blasco
240071,Dani Raba
60012,Mosquera
76558,Rico
78412,Okazaki
88621,Ínsua
88782,Real
88925,Pulido
90657,Ferreiro
103844,Luisinho
114543,Valderrama
170154,Maffeo
218331,Nwakali
219717,Javi Galán
219929,Rafa Mir
223762,Jaime Seoane
240796,Álvaro Fernández
424755,Dani Escriche
437468,Gómez
437831,Muñoz
438206,Peñaloza
509201,Omoruyi
242833,Vicente
51948,Ruiz
251005,Campos
515619,Blanco
240995,Palaversa
42844,López
63904,García
59339,Perea
230165,Erimuya
78323,Doukouré
174279,Malsa
514204,Gonzalez
521508,Romero
57400,Marcone
91373,Rodríguez
199195,Josan
220097,Diego González
441052,Pérez
84583,Philippe Coutinho
488287,Ramos Mingo
513948,Lanchi
89542,Garrido
421294,Marcos de Sousa
450429,Rubio
219853,Folch
459921,Medina
484704,Castillo
495393,Nacho Pastor
508462,Diego Bri
515611,Salinas
440593,Paredes
55175,Giménez
167210,Ledesma
485211,Moreno
490873,El Ghezouani
432838,Suárez
148037,Silva
248505,Mollejo
437810,López
439776,Córdoba
435712,Pampín
201177,Merquelanz
92084,Sánchez Miño
449985,Tomás Tavares
93881,Diego Rodríguez
201302,Lucumí
433530,Miranda
438013,Fernández
425710,Sanabria
216474,Olabe
228529,Idrissa Doumbia
170929,Janko
216059,Jota
493337,Cañizares
67759,Alcalá
177849,Nano Mesa
200221,Izquierdo
488024,Pino
83330,Diaby
508455,Ayesa
451587,Zarzana
463408,Martínez
448172,Santos
450425,Alba
494565,Monzó
210167,Fobi
242147,Brunet
434632,Bravo
449459,Abedini
457200,Rodríguez
464520,Plomer
485215,Isma Ruiz
519838,León
519839,Jiménez
519841,Barcia
519842,Romero
445095,Nolan
499056,Nieto
514526,Fàbrega
464471,Vilarrasa
488049,Aranda
518336,de León
433680,Benito
226622,Sevikyan
523062,Marrero
493719,Álex Millán
499018,Pedraza
523654,Nico Williams
466044,Vázquez
513949,García
494017,Aranda
233010,Holsgrove
234369,Martín
446814,Alfon
508478,Keller
465689,Ilaix Moriba
524099,Javi Gasca
523845,Niang
178871,Aleix García
530007,Koffi
250700,Momo Mbaye
524404,Lucas Freitas
508479,Jorgensen
530137,Javí Martín
530304,Chinchu
463001,Abqar
216477,Juanjo Garrancho
143710,Solari
488404,Pellistri
180197,Ferro
438294,Castro
459560,Yassin Fekir
80077,Ramalho
210345,Álex Martín
242831,Nolaskoain
484439,Magunagoitia
519534,Torrente
218495,Sequeira
523865,Cuñat
439062,Alvarez
435255,Álvarez
437811,Moha
210870,Boacho
488026,Turrientes
513945,Olasagasti
439770,Julen Bernaola
537394,Diamanka
469317,Ramón
494567,Cantero
538018,Hugo Pérez
538019,Vallribera
470506,Prados
538021,Ortiz
523846,Domínguez
538283,Sotelo
538649,Alonso
218239,Diarra
502666,Kike Carrasco
538735,Bastida
8522,Maggio
17331,Gori
21207,Manfredini
39481,Hetemaj
39970,Schiattarella
40239,Sau
55414,Tuia
60067,Caldirola
85295,Letizia
106008,Improta
148202,Insigne
156245,Montipò
156883,Del Pinto
437743,Foulon
484456,Di Serio
45034,Perisic
223760,Hakimi
194789,Illanes
212667,Vojvoda
449750,Ferigra
463427,Segre
102290,Brlek
126541,Zima
135334,Zajc
195896,Melegoni
217305,Raúl Asencio
17423,Cordaz
39782,Mustacchio
51621,Rivière
55523,Spolli
74027,Mazzotta
153704,Festa
153754,Molina
164543,Gomelt
164633,Simy
183253,Eduardo Henrique
205578,Golemic
219348,Dragus
220091,Crociata
230836,Zanellato
432070,Messias
456354,Kargbo
512325,Crespi
241519,McKennie
437784,Nicolussi Caviglia
38597,Ravaglia
122008,Capezzi
440089,Damsgaard
104359,Akpa Akpro
244291,Kiyine
215145,Lammers
462537,Carnesecchi
487992,Ruggeri
244290,Vignato
76811,Dezi
185079,Simonetti
482545,Kasa
177880,Contini
113543,Ricci
159522,Ayhan
163632,Marin
184254,Vicario
223475,Caligara
235584,Zappa
39570,Forestieri
121126,Ryder Matos
218127,Ouwejan
249710,Coulibaly
435580,Micin
440705,Gasparini
480489,Battistella
12026,Terzi
59108,Zoet
61330,Mora
74145,Galabinov
153857,Ricci
153867,Verde
159043,Gyasi
195046,Ramos
201333,Marchizza
204631,Erlic
213364,Bartolomei
232048,Krapikas
233558,Maggiore
459025,Pobega
467208,Ferrer
185521,Rüegg
244453,Casale
430848,Ilic
459089,Pandur
487053,Destiny Udogie
186665,Karsdorp
466135,Boer
472713,Hickey
123671,Despodov
176485,Pedro Pereira
230804,Vulic
494251,Yakubiv
487476,Males
515606,Agostino
232628,Vokic
484457,Pastina
497520,Lucatelli
179329,Bastoni
215421,Vignali
438664,Desjardins
195899,Scamacca
193773,Milinkovic-Savic
62339,Arslan
235879,Ravaglia
516771,Dutu
193126,Palumbo
152934,Paleari
181055,Gojak
488443,Vianni
226270,Fagioli
437791,Di Pardo
493125,Dragusin
465734,Cioffi
225942,Hauge
193106,Acampora
462487,Valenti
508624,Calabrese
243787,Borello
497521,D'Alterio
221586,Molina
235247,Cuomo
467205,Rojas
247388,Rafia
474843,Satriano
487994,Squizzato
488159,Lorenzo Moretti
492866,Vezzoni
160174,Miranchuk
466147,Zalewski
183383,Tello
233568,Basit
156293,Muriqi
167075,Hoedt
449700,Novella
518129,Czyz
151923,Provedel
218707,Nzola
209736,Martínez Quarta
151804,Scuffet
449790,Sohm
495227,Rinaldi
467138,Amione
515579,Ilie
205048,Shomurodov
219727,Asoro
455805,Dumbravanu
490747,Caso
499164,Eboa Ebongue
515618,Micovschi
250992,Prelec
40364,Viola
104529,Benali
505185,Carboni
466149,Cancellieri
518537,Rabbi
481509,Jungdal
19902,Farelli
465697,Providence
508627,Reinaldo Radu
518590,Bane
214064,Estévez
519264,Turk
514798,Vitale
519350,Steau
519337,Podgoreanu
450017,Ponsi
229912,Ismajli
482120,Ndrecka
518925,Franco
519394,Scalvini
204069,Léo Sena
519383,Arnofoli
519872,Khailoti
519873,Pagliuca
484471,Furlanetto
433060,Borghetto
204562,Osorio
235934,Brunetta
222448,Schiappacasse
466102,Gabriel Pereira Valadares
448055,Sanogo
516073,Masella
492860,Wieser
466150,Milanese
511181,Feratovic
459897,Busi
493271,Bertini
487989,Panada
493116,Garofani
489371,Mignogna
510619,Ranieri
521631,Timmoneri
521424,Cusumano
521635,Contini
425703,Israel
493112,Da Graca
488255,Mionic
170346,Mastinu
229220,Maehle
226262,Gyabuaa
523107,Adeagbo
523101,Carnelos
523102,Rigo
509269,Yeboah Ankrah
508829,Roback
515613,Frigerio
439185,Mihaila
492961,Dierckx
522117,Krastev
149260,Bessa
176683,Onguéné
463440,Michelis
524133,Di Gesù
450393,Ranocchia
524464,Ricco
493353,Karamoko
499440,Artistico
524469,Traorè
515598,Tall
530368,D'Aprile
468220,Gabriel Pereira
235905,Man
487709,Zagaritis
458249,Zirkzee
235001,Antov
57038,Kokorin
478605,Munteanu
530776,Bianco
530777,Chiti
515593,Ciervo
226263,Ghislandi
466030,Braaf
184847,Kovalenko
455730,Gaich
465803,Zedadka
466941,Costanzo
161921,Capradossi
58928,El Shaarawy
226265,Labriola
492807,D'Agostino
503351,Diambo
437801,Capellini
440855,Marqués
532487,Annan
17784,Pellè
223353,Reynolds
440299,De Marino
533480,Shehu
226272,Tonin
508492,Stanga
523753,Saccani
535684,Artioli
449991,Felix Correia
515610,Moleri
537503,Amey
515898,Samele
500922,Urbanski
538079,Piana
450014,Gelmi
466148,Bove
538734,Raimondo
471960,Karamoko
539199,Kallon
518924,Bertini
539223,Bertola
539226,Pietra
538794,Basha
